run_id,arm,task,version,split,attempted,model,seed,n_train,n_test,n_features,duplicates_removed,fit_seconds,macro_f1,weighted_f1,balanced_acc,mcc,accuracy,attack_recall,attack_precision,benign_fpr
55ad24ba4d81,A,multiclass,original,random_70_30,as_attack,logreg,11,1966706,842874,72,18296,580.4,0.6313037266276145,0.9714893300090377,0.598348444424076,0.9177955497130904,0.9719590353955633,,,
81a0e7516e92,A,multiclass,original,random_70_30,as_attack,logreg,23,1966706,842874,72,18296,541.7,0.6844212519029814,0.971043452796285,0.6754238227511471,0.9166649361916372,0.9715532807987908,,,
7198a1c5a8c6,A,multiclass,original,random_70_30,as_attack,logreg,37,1966706,842874,72,18296,404.2,0.6708829186436313,0.9700534859564252,0.6575958943846395,0.9137633898788057,0.9706314348289306,,,
ff0393f3dcff,A,multiclass,original,random_70_30,as_attack,logreg,51,1966706,842874,72,18296,625.8,0.6730908647610903,0.971248360697683,0.6520135893017138,0.9171493832825495,0.9717549716802274,,,
d2eff561b7af,A,multiclass,original,random_70_30,as_attack,logreg,73,1966706,842874,72,18296,447.0,0.6759733301892727,0.9700020544746514,0.6672641211627852,0.9135439956400007,0.9705685547306003,,,
42d496f1a740,A,multiclass,original,random_70_30,as_attack,random_forest,11,1966706,842874,72,18296,149.9,0.9214909541357446,0.9995730979506149,0.882791522150349,0.9987497283138684,0.9995752627320335,,,
c9378a773f7b,A,multiclass,original,random_70_30,as_attack,random_forest,23,1966706,842874,72,18296,151.3,0.9799325103055586,0.9995520267392662,0.9662239140759173,0.9986833604254075,0.9995527208099906,,,
202d6ffe44f2,A,multiclass,original,random_70_30,as_attack,random_forest,37,1966706,842874,72,18296,162.5,0.9632171309446823,0.9995549121169237,0.9369577761915622,0.9986939260652982,0.9995562800608394,,,
d1e1b608de99,A,multiclass,original,random_70_30,as_attack,random_forest,51,1966706,842874,72,18296,164.0,0.9704645791863482,0.9995650492041359,0.9539372783981638,0.998721911977712,0.9995657713964364,,,
6f6c5313e3f6,A,multiclass,original,random_70_30,as_attack,random_forest,73,1966706,842874,72,18296,161.3,0.9853796133374532,0.9995730636996635,0.9748324423996544,0.9987462826064435,0.9995740763150839,,,
9f4864be6fb9,A,multiclass,original,random_70_30,as_attack,xgboost,11,1966706,842874,72,18296,179.8,0.8253321372142564,0.9992551542847103,0.8904966055842282,0.997815003630398,0.9992573029895334,,,
591d56c79692,A,multiclass,original,random_70_30,as_attack,xgboost,23,1966706,842874,72,18296,178.3,0.9240270395711039,0.9996326027424545,0.9429083165613557,0.9989177869039543,0.9996322107456156,,,
448afbd5c4a5,A,multiclass,original,random_70_30,as_attack,xgboost,37,1966706,842874,72,18296,183.7,0.7023708872596716,0.9958704357170766,0.6980490628228329,0.9877419637794157,0.9958333036729096,,,
c689b566c1bd,A,multiclass,original,random_70_30,as_attack,xgboost,51,1966706,842874,72,18296,164.8,0.9193679882120526,0.9994926952923987,0.967398399725699,0.9985026697633539,0.9994910271286099,,,
5cda2a1e616b,A,multiclass,original,random_70_30,as_attack,xgboost,73,1966706,842874,72,18296,174.8,0.8908419241438426,0.9993925839575255,0.922958895209747,0.9982092382763676,0.9993913681048413,,,
fed6b8f53d82,A,multiclass,original,day_ordered,as_attack,logreg,11,1651932,866647,72,18296,241.2,0.32987426736275466,0.9896228020882638,0.9794587646411976,0.0,0.9794587646411976,,,
ac6363ac2d6f,A,multiclass,original,day_ordered,as_attack,logreg,23,1651932,866647,72,18296,241.5,0.32987426736275466,0.9896228020882638,0.9794587646411976,0.0,0.9794587646411976,,,
f83bfca5a8e9,A,multiclass,original,day_ordered,as_attack,logreg,37,1651932,866647,72,18296,240.9,0.32987426736275466,0.9896228020882638,0.9794587646411976,0.0,0.9794587646411976,,,
5f176506b8b3,A,multiclass,original,day_ordered,as_attack,logreg,51,1651932,866647,72,18296,241.9,0.32987426736275466,0.9896228020882638,0.9794587646411976,0.0,0.9794587646411976,,,
88c89b200746,A,multiclass,original,day_ordered,as_attack,logreg,73,1651932,866647,72,18296,241.9,0.32987426736275466,0.9896228020882638,0.9794587646411976,0.0,0.9794587646411976,,,
b1e62c34bff1,A,multiclass,original,day_ordered,as_attack,random_forest,11,1651932,866647,72,18296,109.6,0.33329198111184394,0.9998759433355318,0.9997519174473575,0.0,0.9997519174473575,,,
4461b84443dd,A,multiclass,original,day_ordered,as_attack,random_forest,23,1651932,866647,72,18296,108.7,0.49993306644540125,0.9998661328908025,0.9997323016176136,0.0,0.9997323016176136,,,
39c6cfe142c3,A,multiclass,original,day_ordered,as_attack,random_forest,37,1651932,866647,72,18296,114.9,0.3332910193101968,0.9998730579305903,0.9997461480856681,0.0,0.9997461480856681,,,
c312d0d0059a,A,multiclass,original,day_ordered,as_attack,random_forest,51,1651932,866647,72,18296,107.4,0.33329198111184394,0.9998759433355318,0.9997519174473575,0.0,0.9997519174473575,,,
4c7b479d4f6f,A,multiclass,original,day_ordered,as_attack,random_forest,73,1651932,866647,72,18296,113.8,0.33329198111184394,0.9998759433355318,0.9997519174473575,0.0,0.9997519174473575,,,
0ceef7a64485,A,multiclass,original,day_ordered,as_attack,xgboost,11,1651932,866647,72,18296,59.2,0.3332473476692787,0.9997420430078362,0.9994842190649711,0.0,0.9994842190649711,,,
dc75818f9559,A,multiclass,original,day_ordered,as_attack,xgboost,23,1651932,866647,72,18296,59.4,0.3332473476692787,0.9997420430078362,0.9994842190649711,0.0,0.9994842190649711,,,
a9b9491735a5,A,multiclass,original,day_ordered,as_attack,xgboost,37,1651932,866647,72,18296,74.5,0.3332473476692787,0.9997420430078362,0.9994842190649711,0.0,0.9994842190649711,,,
93c95257b381,A,multiclass,original,day_ordered,as_attack,xgboost,51,1651932,866647,72,18296,60.0,0.3332473476692787,0.9997420430078362,0.9994842190649711,0.0,0.9994842190649711,,,
786ec574ec16,A,multiclass,original,day_ordered,as_attack,xgboost,73,1651932,866647,72,18296,59.6,0.3332473476692787,0.9997420430078362,0.9994842190649711,0.0,0.9994842190649711,,,
e0a284926a46,A,multiclass,improved,random_70_30,as_attack,logreg,11,1469977,629991,85,3,210.9,0.7922584721943161,0.9903706412777419,0.8311630845039222,0.9777684142514481,0.9907443122203333,,,
5d989274c189,A,multiclass,improved,random_70_30,as_attack,logreg,23,1469977,629991,85,3,199.2,0.8160459964318233,0.9905474888633228,0.8097261343973433,0.9782155578322719,0.9909316164834101,,,
48c5b6e71959,A,multiclass,improved,random_70_30,as_attack,logreg,37,1469977,629991,85,3,214.3,0.7810992108586182,0.990621251758201,0.8294553180227701,0.9784089991905026,0.9910125700208415,,,
826c48527727,A,multiclass,improved,random_70_30,as_attack,logreg,51,1469977,629991,85,3,230.8,0.7852151987457464,0.9905768648655252,0.7798721673991129,0.9781989534380149,0.9909252671863567,,,
be93891c6da3,A,multiclass,improved,random_70_30,as_attack,logreg,73,1469977,629991,85,3,247.3,0.7848132992030092,0.9906930466956058,0.7616914583513311,0.978432022298228,0.9910205066421583,,,
8cee2fb17fd6,A,multiclass,improved,random_70_30,as_attack,random_forest,11,1469977,629991,85,3,142.0,0.9950006219445421,0.9985576990355008,0.9933562272648623,0.9965388084477652,0.9985602968931302,,,
2a75fdb35653,A,multiclass,improved,random_70_30,as_attack,random_forest,23,1469977,629991,85,3,137.2,0.9951997546304343,0.9985579806596159,0.9942154142859041,0.9965390110273489,0.9985602968931302,,,
11154a0978a4,A,multiclass,improved,random_70_30,as_attack,random_forest,37,1469977,629991,85,3,139.7,0.9956268387205743,0.9985595251781731,0.9944399138328569,0.9965423788643736,0.9985618842173936,,,
6829fba76725,A,multiclass,improved,random_70_30,as_attack,random_forest,51,1469977,629991,85,3,137.4,0.9954126213520497,0.9985576291099367,0.9942902825329377,0.9965389165563695,0.9985602968931302,,,
1fbbdf018766,A,multiclass,improved,random_70_30,as_attack,random_forest,73,1469977,629991,85,3,139.1,0.9952532386780055,0.9984955046338743,0.9937340412798259,0.9963897917379155,0.9984983912468591,,,
c196bef6a14a,A,multiclass,improved,random_70_30,as_attack,xgboost,11,1469977,629991,85,3,127.3,0.974781003765041,0.9995313664595622,0.9585819297472784,0.9988742314920256,0.9995317393423081,,,
1ff5802d31bc,A,multiclass,improved,random_70_30,as_attack,xgboost,23,1469977,629991,85,3,128.0,0.97012494250232,0.9994392517205588,0.953421155989636,0.998652940703181,0.999439674535033,,,
4262dd39a1dd,A,multiclass,improved,random_70_30,as_attack,xgboost,37,1469977,629991,85,3,129.4,0.9981504723005339,0.999471323238937,0.9978830934421951,0.9987291284320066,0.9994714210203003,,,
5360e07d76de,A,multiclass,improved,random_70_30,as_attack,xgboost,51,1469977,629991,85,3,126.7,0.9602260981942402,0.9994804136533219,0.9408789766171526,0.9987520876396876,0.9994809449658805,,,
455669921300,A,multiclass,improved,random_70_30,as_attack,xgboost,73,1469977,629991,85,3,126.6,0.9974514683866845,0.9994680744877905,0.9968352286173475,0.9987214945634669,0.9994682463717736,,,
ca87854478fa,A,multiclass,improved,random_70_30,as_benign,logreg,11,1469977,629991,85,3,229.3,0.94593350160954,0.9929720513953475,0.9401800184007202,0.98286328869943,0.992976090134621,,,
0a6bfb3d6851,A,multiclass,improved,random_70_30,as_benign,logreg,23,1469977,629991,85,3,212.2,0.8919377546689601,0.9927869747054086,0.9394765487802909,0.9824072210301521,0.9927903731958075,,,
869d3e969e6e,A,multiclass,improved,random_70_30,as_benign,logreg,37,1469977,629991,85,3,212.4,0.9619801370137012,0.9929819561354317,0.9468882693746357,0.9828917532829179,0.9929903760529912,,,
764ae18ffd09,A,multiclass,improved,random_70_30,as_benign,logreg,51,1469977,629991,85,3,235.7,0.9231683155555304,0.9931085693935339,0.947466300219021,0.9831879015017957,0.9931110126970067,,,
03014b187450,A,multiclass,improved,random_70_30,as_benign,logreg,73,1469977,629991,85,3,211.3,0.8968503518261007,0.9928295003565205,0.865153193413843,0.9825202945521894,0.9928379929237084,,,
8102b45cbdf0,A,multiclass,improved,random_70_30,as_benign,random_forest,11,1469977,629991,85,3,142.1,0.9798567557505246,0.9986311809308666,0.9668523435011136,0.9966524765785225,0.9986349011335083,,,
e228217a1665,A,multiclass,improved,random_70_30,as_benign,random_forest,23,1469977,629991,85,3,142.3,0.9908080869116712,0.9985630069160338,0.9852516819466923,0.9964811234992035,0.9985650588659203,,,
1a00d8ee6a4b,A,multiclass,improved,random_70_30,as_benign,random_forest,37,1469977,629991,85,3,142.3,0.9921141061471782,0.9985936502794753,0.9873792943292649,0.9965595332432916,0.9985968053511876,,,
b8c36ea8c46b,A,multiclass,improved,random_70_30,as_benign,random_forest,51,1469977,629991,85,3,145.8,0.9714425688638022,0.9985941680031724,0.9512496487219371,0.9965589265711022,0.9985968053511876,,,
e3e3d87e35dc,A,multiclass,improved,random_70_30,as_benign,random_forest,73,1469977,629991,85,3,145.7,0.9902158108813778,0.9985553639080323,0.9840214532439424,0.9964658239796453,0.9985587095688668,,,
92c05be56c06,A,multiclass,improved,random_70_30,as_benign,xgboost,11,1469977,629991,85,3,120.8,0.974840991978993,0.9995213929931092,0.9554645306494868,0.9988282928975099,0.9995222153967279,,,
31e0b8ff9d10,A,multiclass,improved,random_70_30,as_benign,xgboost,23,1469977,629991,85,3,118.2,0.9947798284782089,0.9995031761644373,0.9914808424360886,0.9987815768598605,0.9995031675055676,,,
1d761d0ca7ce,A,multiclass,improved,random_70_30,as_benign,xgboost,37,1469977,629991,85,3,117.8,0.9805848886190616,0.999450520032437,0.9664751072663209,0.9986531734000712,0.9994507858048766,,,
0eaaa4d1284b,A,multiclass,improved,random_70_30,as_benign,xgboost,51,1469977,629991,85,3,120.2,0.971795372545993,0.9994931613138183,0.9536430013840972,0.9987582223443623,0.9994936435599874,,,
2a13226d77c2,A,multiclass,improved,random_70_30,as_benign,xgboost,73,1469977,629991,85,3,120.6,0.9711367176296181,0.9994631947789067,0.9548221471190915,0.9986842788954315,0.9994634843989835,,,
405570823d5d,A,multiclass,improved,random_70_30,dropped,logreg,11,1461592,626397,85,3,190.3,0.936559443538807,0.9940711165528555,0.9425893335154988,0.985653182947343,0.9941075707578421,,,
5ddaa9a9f089,A,multiclass,improved,random_70_30,dropped,logreg,23,1461592,626397,85,3,179.6,0.9389895838640084,0.9942497540162846,0.93153503154812,0.9860794577262005,0.994283178239998,,,
40350a63be85,A,multiclass,improved,random_70_30,dropped,logreg,37,1461592,626397,85,3,230.5,0.9199036687860735,0.9943158532546478,0.9252700852692636,0.9862462655745245,0.9943518248012043,,,
4a144a7ca001,A,multiclass,improved,random_70_30,dropped,logreg,51,1461592,626397,85,3,180.8,0.8460288823956961,0.9941875475315912,0.9393265346998485,0.9859261815517908,0.9942209174054154,,,
b65ec31669bb,A,multiclass,improved,random_70_30,dropped,logreg,73,1461592,626397,85,3,206.8,0.925135952697522,0.9940744046111266,0.9484626567044552,0.9856575139001835,0.99411236005281,,,
5a642c680581,A,multiclass,improved,random_70_30,dropped,random_forest,11,1461592,626397,85,3,140.8,0.9836573808704332,0.9986301398010928,0.9726268261511785,0.9966647386307116,0.9986334545024961,,,
da45edfde425,A,multiclass,improved,random_70_30,dropped,random_forest,23,1461592,626397,85,3,138.3,0.9881987376950393,0.9985865257827927,0.9805612096881207,0.9965554298953495,0.998588754416129,,,
0d264eabd62a,A,multiclass,improved,random_70_30,dropped,random_forest,37,1461592,626397,85,3,141.0,0.9922326179324901,0.9986385840707189,0.9875296344018764,0.9966844959086067,0.9986414366607759,,,
cf9850ed0cab,A,multiclass,improved,random_70_30,dropped,random_forest,51,1461592,626397,85,3,141.3,0.9860228328561003,0.9985671568025257,0.976966971164227,0.9965085990659515,0.9985695972362575,,,
f57fae9cf013,A,multiclass,improved,random_70_30,dropped,random_forest,73,1461592,626397,85,3,143.1,0.9897567540929342,0.9985125607424042,0.9832730834243618,0.9963764142575361,0.9985153185599548,,,
8c2c07962b3f,A,multiclass,improved,random_70_30,dropped,xgboost,11,1461592,626397,85,3,137.2,0.9071744170739028,0.9990314782655422,0.9600753552036821,0.9976201514048424,0.9990245802582068,,,
2dd054e85c61,A,multiclass,improved,random_70_30,dropped,xgboost,23,1461592,626397,85,3,117.7,0.9845756153398617,0.9995097977553296,0.9724602750142809,0.9988037222032433,0.9995098954816195,,,
7491b55a34fd,A,multiclass,improved,random_70_30,dropped,xgboost,37,1461592,626397,85,3,116.4,0.9964609187246154,0.9994618505243344,0.9942800307675128,0.9986868692138159,0.9994620025319406,,,
6b1563574649,A,multiclass,improved,random_70_30,dropped,xgboost,51,1461592,626397,85,3,131.6,0.8601721807429881,0.9984959251193195,0.9768063600901096,0.9963258143420782,0.9984945649484273,,,
c8b576005de5,A,multiclass,improved,random_70_30,dropped,xgboost,73,1461592,626397,85,3,116.7,0.9935576493645176,0.9994570270613883,0.9897280276935889,0.9986751837358031,0.9994572132369727,,,
d10961fd01c8,A,multiclass,improved,day_ordered,as_attack,logreg,11,1190337,576714,85,3,55.4,0.24991066906270165,0.9996426762508067,0.9992856077709229,0.0,0.9992856077709229,,,
2c8f1c27bf8a,A,multiclass,improved,day_ordered,as_attack,logreg,23,1190337,576714,85,3,55.4,0.24991066906270165,0.9996426762508067,0.9992856077709229,0.0,0.9992856077709229,,,
7a49b4af26e4,A,multiclass,improved,day_ordered,as_attack,logreg,37,1190337,576714,85,3,55.3,0.24991066906270165,0.9996426762508067,0.9992856077709229,0.0,0.9992856077709229,,,
41bca1db5ace,A,multiclass,improved,day_ordered,as_attack,logreg,51,1190337,576714,85,3,55.6,0.24991066906270165,0.9996426762508067,0.9992856077709229,0.0,0.9992856077709229,,,
80a78280a596,A,multiclass,improved,day_ordered,as_attack,logreg,73,1190337,576714,85,3,55.2,0.24991066906270165,0.9996426762508067,0.9992856077709229,0.0,0.9992856077709229,,,
4d0e1b12a2e8,A,multiclass,improved,day_ordered,as_attack,random_forest,11,1190337,576714,85,3,89.6,0.49999913301763615,0.9999982660352722,0.9999965320765579,0.0,0.9999965320765579,,,
c7373f7e7b0e,A,multiclass,improved,day_ordered,as_attack,random_forest,23,1190337,576714,85,3,87.8,0.3333321773548438,0.9999965320645313,0.9999930641531157,0.0,0.9999930641531157,,,
1dfe5ee2d353,A,multiclass,improved,day_ordered,as_attack,random_forest,37,1190337,576714,85,3,88.5,0.333331310365715,0.999993931097145,0.9999878622679526,0.0,0.9999878622679526,,,
5c67a45f5d2f,A,multiclass,improved,day_ordered,as_attack,random_forest,51,1190337,576714,85,3,88.7,0.3333315993625923,0.9999947980877771,0.9999895962296736,0.0,0.9999895962296736,,,
92f85c922004,A,multiclass,improved,day_ordered,as_attack,random_forest,73,1190337,576714,85,3,89.4,0.3333307323704569,0.9999921971113707,0.9999843943445105,0.0,0.9999843943445105,,,
f9e83f0b832d,A,multiclass,improved,day_ordered,as_attack,xgboost,11,1190337,576714,85,3,41.3,0.3333275533607073,0.999982660082122,0.9999653207655788,0.0,0.9999653207655788,,,
d4716f887091,A,multiclass,improved,day_ordered,as_attack,xgboost,23,1190337,576714,85,3,41.2,0.3333275533607073,0.999982660082122,0.9999653207655788,0.0,0.9999653207655788,,,
be059adecc72,A,multiclass,improved,day_ordered,as_attack,xgboost,37,1190337,576714,85,3,41.4,0.3333275533607073,0.999982660082122,0.9999653207655788,0.0,0.9999653207655788,,,
496382ad57b0,A,multiclass,improved,day_ordered,as_attack,xgboost,51,1190337,576714,85,3,42.1,0.3333275533607073,0.999982660082122,0.9999653207655788,0.0,0.9999653207655788,,,
f18e4a369d58,A,multiclass,improved,day_ordered,as_attack,xgboost,73,1190337,576714,85,3,40.5,0.3333275533607073,0.999982660082122,0.9999653207655788,0.0,0.9999653207655788,,,
6a43dbde87ea,A,multiclass,improved,day_ordered,as_benign,logreg,11,1190337,582778,85,3,35.1,0.2498997930630192,0.9995991722520768,0.9991986657011761,0.0,0.9991986657011761,,,
ecebd9d06dd7,A,multiclass,improved,day_ordered,as_benign,logreg,23,1190337,582778,85,3,35.2,0.2498997930630192,0.9995991722520768,0.9991986657011761,0.0,0.9991986657011761,,,
1ed51f48f16a,A,multiclass,improved,day_ordered,as_benign,logreg,37,1190337,582778,85,3,35.2,0.2498997930630192,0.9995991722520768,0.9991986657011761,0.0,0.9991986657011761,,,
7f88eb515252,A,multiclass,improved,day_ordered,as_benign,logreg,51,1190337,582778,85,3,35.1,0.2498997930630192,0.9995991722520768,0.9991986657011761,0.0,0.9991986657011761,,,
00b59c7abd67,A,multiclass,improved,day_ordered,as_benign,logreg,73,1190337,582778,85,3,35.2,0.2498997930630192,0.9995991722520768,0.9991986657011761,0.0,0.9991986657011761,,,
0cb13331ffd8,A,multiclass,improved,day_ordered,as_benign,random_forest,11,1190337,582778,85,3,86.9,0.49999957101981457,0.9999991420396291,0.9999982840807305,0.0,0.9999982840807305,,,
a9b1bfa3d805,A,multiclass,improved,day_ordered,as_benign,random_forest,23,1190337,582778,85,3,86.6,0.49999957101981457,0.9999991420396291,0.9999982840807305,0.0,0.9999982840807305,,,
88088c83e25b,A,multiclass,improved,day_ordered,as_benign,random_forest,37,1190337,582778,85,3,84.8,0.49999957101981457,0.9999991420396291,0.9999982840807305,0.0,0.9999982840807305,,,
0f053f2e6463,A,multiclass,improved,day_ordered,as_benign,random_forest,51,1190337,582778,85,3,87.6,0.49999957101981457,0.9999991420396291,0.9999982840807305,0.0,0.9999982840807305,,,
68963afe9fbc,A,multiclass,improved,day_ordered,as_benign,random_forest,73,1190337,582778,85,3,86.9,0.49999957101981457,0.9999991420396291,0.9999982840807305,0.0,0.9999982840807305,,,
fb5238caa460,A,multiclass,improved,day_ordered,as_benign,xgboost,11,1190337,582778,85,3,38.1,0.3333321893832279,0.9999965681496835,0.9999931363229223,0.0,0.9999931363229223,,,
aa3e734fc2e6,A,multiclass,improved,day_ordered,as_benign,xgboost,23,1190337,582778,85,3,37.8,0.3333321893832279,0.9999965681496835,0.9999931363229223,0.0,0.9999931363229223,,,
3ad0510999d2,A,multiclass,improved,day_ordered,as_benign,xgboost,37,1190337,582778,85,3,37.9,0.3333321893832279,0.9999965681496835,0.9999931363229223,0.0,0.9999931363229223,,,
cdb28f15937a,A,multiclass,improved,day_ordered,as_benign,xgboost,51,1190337,582778,85,3,38.4,0.3333321893832279,0.9999965681496835,0.9999931363229223,0.0,0.9999931363229223,,,
04e8c8250cbe,A,multiclass,improved,day_ordered,as_benign,xgboost,73,1190337,582778,85,3,51.9,0.3333321893832279,0.9999965681496835,0.9999931363229223,0.0,0.9999931363229223,,,
34bc24dea4f2,A,multiclass,improved,day_ordered,dropped,logreg,11,1184422,576714,85,3,34.1,0.33321075497858926,0.9996322649357677,0.9992648002302701,0.0,0.9992648002302701,,,
9ed9909aa9b1,A,multiclass,improved,day_ordered,dropped,logreg,23,1184422,576714,85,3,34.1,0.33321075497858926,0.9996322649357677,0.9992648002302701,0.0,0.9992648002302701,,,
c0bb5b36cb04,A,multiclass,improved,day_ordered,dropped,logreg,37,1184422,576714,85,3,34.0,0.33321075497858926,0.9996322649357677,0.9992648002302701,0.0,0.9992648002302701,,,
766cfb4aa32e,A,multiclass,improved,day_ordered,dropped,logreg,51,1184422,576714,85,3,34.1,0.33321075497858926,0.9996322649357677,0.9992648002302701,0.0,0.9992648002302701,,,
1b0b2ce2140e,A,multiclass,improved,day_ordered,dropped,logreg,73,1184422,576714,85,3,34.1,0.33321075497858926,0.9996322649357677,0.9992648002302701,0.0,0.9992648002302701,,,
dd6857c4385b,A,multiclass,improved,day_ordered,dropped,random_forest,11,1184422,576714,85,3,86.9,0.4999986995253267,0.9999973990506534,0.9999947981148368,0.0,0.9999947981148368,,,
496bb38b01f1,A,multiclass,improved,day_ordered,dropped,random_forest,23,1184422,576714,85,3,84.8,0.4999995665091939,0.9999991330183877,0.9999982660382789,0.0,0.9999982660382789,,,
02361867e39b,A,multiclass,improved,day_ordered,dropped,random_forest,37,1184422,576714,85,3,85.5,0.4999995665091939,0.9999991330183877,0.9999982660382789,0.0,0.9999982660382789,,,
75a4be310c73,A,multiclass,improved,day_ordered,dropped,random_forest,51,1184422,576714,85,3,87.2,0.4999995665091939,0.9999991330183877,0.9999982660382789,0.0,0.9999982660382789,,,
761e57078434,A,multiclass,improved,day_ordered,dropped,random_forest,73,1184422,576714,85,3,85.1,0.4999995665091939,0.9999991330183877,0.9999982660382789,0.0,0.9999982660382789,,,
483fbdd4ae07,A,multiclass,improved,day_ordered,dropped,xgboost,11,1184422,576714,85,3,38.5,0.333331310365715,0.999993931097145,0.9999878622679526,0.0,0.9999878622679526,,,
f9e1f985a921,A,multiclass,improved,day_ordered,dropped,xgboost,23,1184422,576714,85,3,38.1,0.333331310365715,0.999993931097145,0.9999878622679526,0.0,0.9999878622679526,,,
e15f68a2f641,A,multiclass,improved,day_ordered,dropped,xgboost,37,1184422,576714,85,3,38.5,0.333331310365715,0.999993931097145,0.9999878622679526,0.0,0.9999878622679526,,,
aa610428c8c8,A,multiclass,improved,day_ordered,dropped,xgboost,51,1184422,576714,85,3,37.1,0.333331310365715,0.999993931097145,0.9999878622679526,0.0,0.9999878622679526,,,
610919d782dc,A,multiclass,improved,day_ordered,dropped,xgboost,73,1184422,576714,85,3,35.7,0.333331310365715,0.999993931097145,0.9999878622679526,0.0,0.9999878622679526,,,
103b7048ffee,B,multiclass,label_original,random_70_30,n/a,logreg,11,1123493,481497,72,,,0.6516258686462232,0.9822309665832838,0.6497477423422577,0.9447352064752217,0.9817818179552521,,,
e69db6e9c0c8,B,multiclass,label_original,random_70_30,n/a,logreg,23,1123493,481497,72,,,0.6978626663820806,0.9819562110660144,0.6760369509261391,0.9439420097956209,0.9814495209731318,,,
873d97cea647,B,multiclass,label_original,random_70_30,n/a,logreg,37,1123493,481497,72,,,0.6896646669799578,0.9816968502480508,0.6672590299885098,0.9430973520760876,0.9812169130856475,,,
ed85e753f08e,B,multiclass,label_original,random_70_30,n/a,logreg,51,1123493,481497,72,,,0.6975409241669781,0.9819003974414358,0.672523321764835,0.9437200482924042,0.9814329061240257,,,
1992497e8a87,B,multiclass,label_original,random_70_30,n/a,logreg,73,1123493,481497,72,,,0.7164069416478761,0.9822403696618265,0.7109370228378331,0.9448393839694623,0.981765203106146,,,
7221837ba38b,B,multiclass,label_original,random_70_30,n/a,random_forest,11,1123493,481497,72,,,0.8517922129842673,0.9999112149647437,0.8256986083352064,0.999726217744393,0.9999148488983317,,,
8021db06d70e,B,multiclass,label_original,random_70_30,n/a,random_forest,23,1123493,481497,72,,,0.8689571706080309,0.9999151932297902,0.8528407565084217,0.9997328661383098,0.9999169257544699,,,
507a46642b39,B,multiclass,label_original,random_70_30,n/a,random_forest,37,1123493,481497,72,,,0.870779824028382,0.9999434597293891,0.8581664729809853,0.999833038179359,0.9999480785965437,,,
169893436cc1,B,multiclass,label_original,random_70_30,n/a,random_forest,51,1123493,481497,72,,,0.8720465904202493,0.9999164200528197,0.8593367896301225,0.9997462045637274,0.9999210794667465,,,
e23d3b33d234,B,multiclass,label_original,random_70_30,n/a,random_forest,73,1123493,481497,72,,,0.8761181410535495,0.9999197829729856,0.8652706131168437,0.9997462776347086,0.9999210794667465,,,
d151d321dda5,B,multiclass,label_original,random_70_30,n/a,xgboost,11,1123493,481497,72,,,0.8245188717876444,0.9998740217521906,0.7995581006931861,0.9995993599703922,0.9998753886317049,,,
ccbe26476069,B,multiclass,label_original,random_70_30,n/a,xgboost,23,1123493,481497,72,,,0.7963793102131486,0.9998413852197112,0.7923242609551414,0.9994925126445576,0.9998421589334928,,,
88ea9eaf8cec,B,multiclass,label_original,random_70_30,n/a,xgboost,37,1123493,481497,72,,,0.6279480935203589,0.9985574116892468,0.6321051141162795,0.9951457118601631,0.9984901255874907,,,
c7deb82c4e1b,B,multiclass,label_original,random_70_30,n/a,xgboost,51,1123493,481497,72,,,0.8539277977527429,0.999795111055001,0.8076725536854149,0.9993521056587847,0.9997985449545895,,,
d9f5b1e29835,B,multiclass,label_original,random_70_30,n/a,xgboost,73,1123493,481497,72,,,0.6870034627261068,0.9992749599910529,0.6817924607938829,0.9976433755319728,0.999266869783197,,,
6b6fbb7bb557,B,multiclass,label_original,day_ordered,n/a,logreg,11,891643,533343,72,,,0.3328601712020759,0.9985805136062278,0.9971650513834437,0.0,0.9971650513834437,,,
40a790962697,B,multiclass,label_original,day_ordered,n/a,logreg,23,891643,533343,72,,,0.3328601712020759,0.9985805136062278,0.9971650513834437,0.0,0.9971650513834437,,,
f94cb780cf1a,B,multiclass,label_original,day_ordered,n/a,logreg,37,891643,533343,72,,,0.3328601712020759,0.9985805136062278,0.9971650513834437,0.0,0.9971650513834437,,,
9a5fcbbc9dad,B,multiclass,label_original,day_ordered,n/a,logreg,51,891643,533343,72,,,0.3328601712020759,0.9985805136062278,0.9971650513834437,0.0,0.9971650513834437,,,
36995e7f1cf5,B,multiclass,label_original,day_ordered,n/a,logreg,73,891643,533343,72,,,0.3328601712020759,0.9985805136062278,0.9971650513834437,0.0,0.9971650513834437,,,
93c0d94a2716,B,multiclass,label_original,day_ordered,n/a,random_forest,11,891643,533343,72,,,0.3333089569926346,0.9999268709779038,0.9998537526507332,0.0,0.9998537526507332,,,
897f887434ea,B,multiclass,label_original,day_ordered,n/a,random_forest,23,891643,533343,72,,,0.4999756242534928,0.9999512485069857,0.9999025017671554,0.0,0.9999025017671554,,,
f03f3deabc7f,B,multiclass,label_original,day_ordered,n/a,random_forest,37,891643,533343,72,,,0.33332302070120273,0.9999690621036083,0.999938126121464,0.0,0.999938126121464,,,
3331d9a3b2cf,B,multiclass,label_original,day_ordered,n/a,random_forest,51,891643,533343,72,,,0.3332880154943254,0.9998640464829762,0.999728129927645,0.0,0.999728129927645,,,
e115727c9bf8,B,multiclass,label_original,day_ordered,n/a,random_forest,73,891643,533343,72,,,0.4999648419151875,0.9999296838303751,0.999859377548782,0.0,0.999859377548782,,,
10fd4e533cc7,B,multiclass,label_original,day_ordered,n/a,xgboost,11,891643,533343,72,,,0.33331051968552167,0.999931559056565,0.9998631274808144,0.0,0.9998631274808144,,,
f59348c97a7c,B,multiclass,label_original,day_ordered,n/a,xgboost,23,891643,533343,72,,,0.33331051968552167,0.999931559056565,0.9998631274808144,0.0,0.9998631274808144,,,
8369ad145a74,B,multiclass,label_original,day_ordered,n/a,xgboost,37,891643,533343,72,,,0.33331051968552167,0.999931559056565,0.9998631274808144,0.0,0.9998631274808144,,,
3a66f816067e,B,multiclass,label_original,day_ordered,n/a,xgboost,51,891643,533343,72,,,0.33331051968552167,0.999931559056565,0.9998631274808144,0.0,0.9998631274808144,,,
2c80347e96af,B,multiclass,label_original,day_ordered,n/a,xgboost,73,891643,533343,72,,,0.33331051968552167,0.999931559056565,0.9998631274808144,0.0,0.9998631274808144,,,
61207ff5a7e5,B,multiclass,label_improved,random_70_30,n/a,logreg,11,1123493,481497,72,,,0.7529156630621775,0.9775267039738309,0.7346940823771244,0.9450925888079307,0.9792563608911374,,,
d386d3d7fb6d,B,multiclass,label_improved,random_70_30,n/a,logreg,23,1123493,481497,72,,,0.7395927852231369,0.9774193377111602,0.7260263001575923,0.9448817845984754,0.9791753635017456,,,
8dc5301c0914,B,multiclass,label_improved,random_70_30,n/a,logreg,37,1123493,481497,72,,,0.6810419883837878,0.9776913248694427,0.6571109689814897,0.9456898087115426,0.9794848150663452,,,
cf0a930a1518,B,multiclass,label_improved,random_70_30,n/a,logreg,51,1123493,481497,72,,,0.7454388744400156,0.9773812107119942,0.7291575545855191,0.9448386057995621,0.9791587486526396,,,
ebbe0b3a6e6f,B,multiclass,label_improved,random_70_30,n/a,logreg,73,1123493,481497,72,,,0.7908771050597028,0.9776642536454299,0.7750718141758229,0.9454291304029062,0.9793809722594325,,,
3fd39cea45d5,B,multiclass,label_improved,random_70_30,n/a,random_forest,11,1123493,481497,72,,,0.9935088720445072,0.9999064410291152,0.9927956819769909,0.9997503809422856,0.9999065414737787,,,
acafb495e25b,B,multiclass,label_improved,random_70_30,n/a,random_forest,23,1123493,481497,72,,,0.9940647394026294,0.9998813839150428,0.9886071867386806,0.9996837785112072,0.9998816192001196,,,
79e54c78936c,B,multiclass,label_improved,random_70_30,n/a,random_forest,37,1123493,481497,72,,,0.9965898214844771,0.9999085556891455,0.9949246805348546,0.9997559252464238,0.999908618329917,,,
25635e4f10d5,B,multiclass,label_improved,random_70_30,n/a,random_forest,51,1123493,481497,72,,,0.997699390162559,0.9999230939997058,0.9955478424169334,0.9997947682455837,0.9999231563228846,,,
2a9df138dbd5,B,multiclass,label_improved,random_70_30,n/a,random_forest,73,1123493,481497,72,,,0.997300773344063,0.9999355757535251,0.9947091626875548,0.99982802654946,0.9999356174597142,,,
a7caaa985fbe,B,multiclass,label_improved,random_70_30,n/a,xgboost,11,1123493,481497,72,,,0.9692391198920475,0.9997736939871362,0.957043873285408,0.9993955196151584,0.9997736226809305,,,
df16ec5028a1,B,multiclass,label_improved,random_70_30,n/a,xgboost,23,1123493,481497,72,,,0.5456511387781323,0.979056452722389,0.6327027358180808,0.9424921027068703,0.9782179328220113,,,
aa5656e5594d,B,multiclass,label_improved,random_70_30,n/a,xgboost,37,1123493,481497,72,,,0.931208515147693,0.9998211860726696,0.9177113107433001,0.9995229806260648,0.9998213903721103,,,
78973ae4082f,B,multiclass,label_improved,random_70_30,n/a,xgboost,51,1123493,481497,72,,,0.9367200507761952,0.9998598814105193,0.9930352536301112,0.9996228201525531,0.9998587737825989,,,
9097c6c36329,B,multiclass,label_improved,random_70_30,n/a,xgboost,73,1123493,481497,72,,,0.9894487221322391,0.9998758882936934,0.9931187430984598,0.9996671662532907,0.9998753886317049,,,
d5b287248897,B,multiclass,label_improved,day_ordered,n/a,logreg,11,891643,468792,72,,,0.3330796520189724,0.9992389560569171,0.9984790696086964,0.0,0.9984790696086964,,,
a23687533cd5,B,multiclass,label_improved,day_ordered,n/a,logreg,23,891643,468792,72,,,0.3330796520189724,0.9992389560569171,0.9984790696086964,0.0,0.9984790696086964,,,
7c7f001fcefb,B,multiclass,label_improved,day_ordered,n/a,logreg,37,891643,468792,72,,,0.3330796520189724,0.9992389560569171,0.9984790696086964,0.0,0.9984790696086964,,,
c8f580f6d201,B,multiclass,label_improved,day_ordered,n/a,logreg,51,891643,468792,72,,,0.3330796520189724,0.9992389560569171,0.9984790696086964,0.0,0.9984790696086964,,,
d3df3f4d8cd4,B,multiclass,label_improved,day_ordered,n/a,logreg,73,891643,468792,72,,,0.3330796520189724,0.9992389560569171,0.9984790696086964,0.0,0.9984790696086964,,,
b818f93d848f,B,multiclass,label_improved,day_ordered,n/a,random_forest,11,891643,468792,72,,,0.3333265782461305,0.9999797347383915,0.9999594702981279,0.0,0.9999594702981279,,,
22c93995706b,B,multiclass,label_improved,day_ordered,n/a,random_forest,23,891643,468792,72,,,0.3333265782461305,0.9999797347383915,0.9999594702981279,0.0,0.9999594702981279,,,
111a137222d3,B,multiclass,label_improved,day_ordered,n/a,random_forest,37,891643,468792,72,,,0.33332693378386163,0.9999808013515848,0.9999616034403317,0.0,0.9999616034403317,,,
582c2a14ac16,B,multiclass,label_improved,day_ordered,n/a,random_forest,51,891643,468792,72,,,0.3333265782461305,0.9999797347383915,0.9999594702981279,0.0,0.9999594702981279,,,
d3e8d4a6969d,B,multiclass,label_improved,day_ordered,n/a,random_forest,73,891643,468792,72,,,0.3333265782461305,0.9999797347383915,0.9999594702981279,0.0,0.9999594702981279,,,
27fa19114e7f,B,multiclass,label_improved,day_ordered,n/a,xgboost,11,891643,468792,72,,,0.33332231173419885,0.9999669352025965,0.9999338725916824,0.0,0.9999338725916824,,,
8d36249659ec,B,multiclass,label_improved,day_ordered,n/a,xgboost,23,891643,468792,72,,,0.33332231173419885,0.9999669352025965,0.9999338725916824,0.0,0.9999338725916824,,,
22b3251b941f,B,multiclass,label_improved,day_ordered,n/a,xgboost,37,891643,468792,72,,,0.33332231173419885,0.9999669352025965,0.9999338725916824,0.0,0.9999338725916824,,,
01e32432409d,B,multiclass,label_improved,day_ordered,n/a,xgboost,51,891643,468792,72,,,0.33332231173419885,0.9999669352025965,0.9999338725916824,0.0,0.9999338725916824,,,
0bbd52141baa,B,multiclass,label_improved,day_ordered,n/a,xgboost,73,891643,468792,72,,,0.33332231173419885,0.9999669352025965,0.9999338725916824,0.0,0.9999338725916824,,,
bf8889730e08,A,binary,original,random_70_30,as_attack,logreg,11,1966706,842874,72,,95.4,0.8995361030867449,0.937332754730683,0.8930988824295946,0.7993845883103727,0.9378495480937838,0.8196429655716801,0.8561416638654397,0.03344520071249102
596b2e8c1e50,A,binary,original,random_70_30,as_attack,logreg,23,1966706,842874,72,,107.6,0.9005875296916508,0.9379925642866775,0.8940827494187942,0.8014929714793804,0.9385080095008269,0.8211609690934483,0.8580265712436712,0.032995470255859805
aabd856e1d82,A,binary,original,random_70_30,as_attack,logreg,37,1966706,842874,72,,91.7,0.8988643842602684,0.9369712069697471,0.8917200440066558,0.7981160106355536,0.9375505710224779,0.8164915902604895,0.857122824015349,0.03305150224717779
9ffb0ac568e9,A,binary,original,random_70_30,as_attack,logreg,51,1966706,842874,72,,85.4,0.8981644670611184,0.9365275769750471,0.8911248691672136,0.7967056189118723,0.9371032918324684,0.8156536523164734,0.8556922998522143,0.03340391398204612
d9b1eb9a4233,A,binary,original,random_70_30,as_attack,logreg,73,1966706,842874,72,,133.3,0.8991699611263333,0.9371417498711845,0.8922696519430888,0.798700271737724,0.9376988731411813,0.8176999210638168,0.8569001501692586,0.03316061717763907
5e361295d1f6,A,binary,original,random_70_30,as_attack,random_forest,11,1966706,842874,72,,142.4,0.9993773417284675,0.9996084608022507,0.9993222405796158,0.9987546998482261,0.999608482406623,0.9988523893375433,0.9991435964091787,0.0002079081783115111
a7a2c0fb82a9,A,binary,original,random_70_30,as_attack,random_forest,23,1966706,842874,72,,137.5,0.9993754706802337,0.9996072792866187,0.9993329970365716,0.998750951099393,0.9996072959896735,0.9988827494079786,0.9991072133517154,0.00021675533483533904
4aed95db97a2,A,binary,original,random_70_30,as_attack,random_forest,37,1966706,842874,72,,141.4,0.9993490345896248,0.9995906621540344,0.9992904929379621,0.9986980876830169,0.9995906861523787,0.9987977412107596,0.9991071374340224,0.00021675533483533904
c1f0a296a082,A,binary,original,random_70_30,as_attack,random_forest,51,1966706,842874,72,,142.3,0.9993603939620623,0.9995977930960478,0.9993316964202221,0.9987207923699732,0.9995978046540764,0.9988948934361528,0.9990465490541403,0.00023150059570853365
db3fda1fcaf6,A,binary,original,random_70_30,as_attack,random_forest,73,1966706,842874,72,,137.0,0.9993585322885248,0.9995966145279153,0.9993493491091775,0.9987170650322675,0.9995966182371268,0.9989434695488494,0.9989919966966638,0.0002447713304943866
7ee8eb27d7af,A,binary,original,random_70_30,as_attack,xgboost,11,1966706,842874,72,,25.1,0.9996755375550546,0.9997959484783178,0.9997352661164982,0.9993510943461383,0.9997959362846641,0.9996356791547757,0.9993201490815943,0.00016514692177937995
350a83f657a5,A,binary,original,random_70_30,as_attack,xgboost,23,1966706,842874,72,,23.8,0.9996811989817795,0.9997995082075353,0.9997443741376287,0.9993624194830257,0.9997994955355131,0.9996538951970368,0.9993201614616528,0.00016514692177937995
60d15eeb1e52,A,binary,original,random_70_30,as_attack,xgboost,37,1966706,842874,72,,23.1,0.9996962789858443,0.9998089954319528,0.9997410772659785,0.9993925687929094,0.9998089868711101,0.9996296071406886,0.9993929423477348,0.000147452608731502
008707a14a66,A,binary,original,random_70_30,as_attack,xgboost,51,1966706,842874,72,,25.3,0.9996831021287924,0.9998006998156111,0.9997726963286709,0.999366247533929,0.9998006819524626,0.9997267593660817,0.9992534958244319,0.0001813667087398052
86cd3cead687,A,binary,original,random_70_30,as_attack,xgboost,73,1966706,842874,72,,22.1,0.9996906245654313,0.9998054379055101,0.9997434629648473,0.9993812641846356,0.9998054276202611,0.9996417511688627,0.9993626165501166,0.00015482523916809932
d7fd6e7f315c,A,binary,original,day_ordered,as_attack,logreg,11,1651932,1157648,72,,92.6,0.7401381323480387,0.8206114578114058,0.7057539043243082,0.5382018932999751,0.840924875264329,0.4339194710671097,0.8666863426084808,0.02241166241849335
a4305dc243f3,A,binary,original,day_ordered,as_attack,logreg,23,1651932,1157648,72,,93.6,0.7401381323480387,0.8206114578114058,0.7057539043243082,0.5382018932999751,0.840924875264329,0.4339194710671097,0.8666863426084808,0.02241166241849335
b7c2c5dd5978,A,binary,original,day_ordered,as_attack,logreg,37,1651932,1157648,72,,93.4,0.7401381323480387,0.8206114578114058,0.7057539043243082,0.5382018932999751,0.840924875264329,0.4339194710671097,0.8666863426084808,0.02241166241849335
5d55289d3e9f,A,binary,original,day_ordered,as_attack,logreg,51,1651932,1157648,72,,94.9,0.7401381323480387,0.8206114578114058,0.7057539043243082,0.5382018932999751,0.840924875264329,0.4339194710671097,0.8666863426084808,0.02241166241849335
435ed10d0796,A,binary,original,day_ordered,as_attack,logreg,73,1651932,1157648,72,,92.7,0.7401381323480387,0.8206114578114058,0.7057539043243082,0.5382018932999751,0.840924875264329,0.4339194710671097,0.8666863426084808,0.02241166241849335
56d1e677be34,A,binary,original,day_ordered,as_attack,random_forest,11,1651932,1157648,72,,96.6,0.6642268738907253,0.7774602503035267,0.6395718436861293,0.4732281613268872,0.8186616311694056,0.2794148473716585,0.9971181556195965,0.0002711599993999725
6e0a14a80283,A,binary,original,day_ordered,as_attack,random_forest,23,1651932,1157648,72,,103.5,0.6635993211745735,0.7770862324963529,0.6391079907613333,0.4724327035596195,0.8184370378560668,0.2784698334369985,0.9972924743092733,0.0002538519143319151
ca4aa607e263,A,binary,original,day_ordered,as_attack,random_forest,37,1651932,1157648,72,,102.8,0.6499591249628814,0.7689157997599193,0.6291916529412027,0.4540114904840641,0.8134527939408179,0.25863485005206166,0.9971118559637525,0.0002515441696561149
2b5c37e59995,A,binary,original,day_ordered,as_attack,random_forest,51,1651932,1157648,72,,97.3,0.6635247222239888,0.7770414249112333,0.6390530081324076,0.4723319708451386,0.8184093956021175,0.27835986817914715,0.9972914076062199,0.0002538519143319151
53b4c2fef296,A,binary,original,day_ordered,as_attack,random_forest,73,1651932,1157648,72,,99.2,0.66730627535398,0.7793156891323273,0.6418502745817071,0.4774586747769805,0.8198191505535362,0.28394747784371877,0.9974168004538706,0.00024692868030462556
026a4eb3e278,A,binary,original,day_ordered,as_attack,xgboost,11,1651932,1157648,72,,19.1,0.4392588186535569,0.6472123850780045,0.5052249266141476,0.08544037179297666,0.7511566555636947,0.010646011525733589,0.9479804161566707,0.00019615829743824253
e71b53f6e162,A,binary,original,day_ordered,as_attack,xgboost,23,1651932,1157648,72,,19.4,0.4392588186535569,0.6472123850780045,0.5052249266141476,0.08544037179297666,0.7511566555636947,0.010646011525733589,0.9479804161566707,0.00019615829743824253
96a5a34c814f,A,binary,original,day_ordered,as_attack,xgboost,37,1651932,1157648,72,,20.9,0.4392588186535569,0.6472123850780045,0.5052249266141476,0.08544037179297666,0.7511566555636947,0.010646011525733589,0.9479804161566707,0.00019615829743824253
5bdc698ad0be,A,binary,original,day_ordered,as_attack,xgboost,51,1651932,1157648,72,,21.7,0.4392588186535569,0.6472123850780045,0.5052249266141476,0.08544037179297666,0.7511566555636947,0.010646011525733589,0.9479804161566707,0.00019615829743824253
69b50bd12518,A,binary,original,day_ordered,as_attack,xgboost,73,1651932,1157648,72,,19.3,0.4392588186535569,0.6472123850780045,0.5052249266141476,0.08544037179297666,0.7511566555636947,0.010646011525733589,0.9479804161566707,0.00019615829743824253
b39670c367fc,A,binary,improved,random_70_30,as_attack,logreg,11,1469977,629991,85,,58.7,0.9865763127121105,0.9900307387898751,0.9864919201894726,0.9731526829207116,0.9900316036260836,0.9795133453160936,0.980018434605493,0.006529504937148212
e67ce5f48b71,A,binary,improved,random_70_30,as_attack,logreg,23,1469977,629991,85,,86.0,0.9872256881482883,0.9905155455649897,0.9868802767833325,0.9744523387530795,0.9905189121749358,0.9797066156433003,0.9817748682987295,0.005946062076635283
e6b67a9aa4fe,A,binary,improved,random_70_30,as_attack,logreg,37,1469977,629991,85,,70.2,0.9872612348263088,0.9905414453573347,0.9869665039558544,0.9745231701774888,0.9905443093631496,0.9799127706589874,0.9816772511358942,0.0059797627472786274
3c73819f13d0,A,binary,improved,random_70_30,as_attack,logreg,51,1469977,629991,85,,65.3,0.9872884278186826,0.9905602750241899,0.9871341864450884,0.9745770473656796,0.9905617699300466,0.9803766194442833,0.981299612450589,0.006108246554106467
eef3e01c744d,A,binary,improved,random_70_30,as_attack,logreg,73,1469977,629991,85,,62.1,0.9872379442427706,0.9905216860475768,0.9871967468688111,0.974475902159084,0.9905220868234625,0.9806407555581325,0.9808872048664811,0.006247261820510275
5058a5de3599,A,binary,improved,random_70_30,as_attack,random_forest,11,1469977,629991,85,,127.9,0.9999080967813901,0.9999317430586798,0.9998788338081352,0.9998162002221307,0.9999317450566754,0.9997745179515922,0.999948452279698,1.6850335321727528e-05
176bb2274815,A,binary,improved,random_70_30,as_attack,random_forest,23,1469977,629991,85,,124.2,0.9999102350387393,0.9999333307908448,0.9998863910325804,0.9998204744986919,0.9999333323809387,0.9997938449843129,0.9999355674254676,2.1062919152048387e-05
844cc81d3fdc,A,binary,improved,random_70_30,as_attack,random_forest,37,1469977,629991,85,,126.4,0.9998995493872391,0.9999253942228996,0.9998789572766299,0.9997991020720315,0.9999253957596219,0.9997874026400727,0.9999097961392748,2.948808681291215e-05
c7a3bbaec2b8,A,binary,improved,random_70_30,as_attack,random_forest,51,1469977,629991,85,,120.7,0.9999209228867807,0.9999412681745513,0.999906832945506,0.9998418473172925,0.9999412690022556,0.9998389413939944,0.9999226853939823,2.527550298248027e-05
71d5c637c61a,A,binary,improved,random_70_30,as_attack,random_forest,73,1469977,629991,85,,121.2,0.9999059588854953,0.9999301554607531,0.9998734446098526,0.9998119259924957,0.999930157732412,0.9997616332631117,0.9999548948728357,1.4744043406511587e-05
13432db24656,A,binary,improved,random_70_30,as_attack,xgboost,11,1469977,629991,85,,21.6,0.9999508441698037,0.9999634911065851,0.9999389211982125,0.9999016894449145,0.9999634915419426,0.9998904801479163,0.9999613431951138,1.2637751491295646e-05
a1a578ff2a89,A,binary,improved,random_70_30,as_attack,xgboost,23,1469977,629991,85,,20.9,0.999957256077854,0.9999682532394121,0.9999485847145728,0.9999145127403305,0.9999682535147327,0.9999098071806369,0.9999613439422737,1.2637751491295646e-05
109e7f140264,A,binary,improved,random_70_30,as_attack,xgboost,37,1469977,629991,85,,20.8,0.999955119562882,0.999966666154335,0.9999540356471028,0.9999102391348983,0.9999666661904694,0.9999291342133576,0.9999355761425571,2.1062919152048387e-05
b9b40ce2fcfc,A,binary,improved,random_70_30,as_attack,xgboost,51,1469977,629991,85,,21.3,0.9999593931859208,0.9999698405447457,0.9999496378605304,0.9999187871117594,0.9999698408389961,0.9999098071806369,0.9999677864110196,1.0531459576079705e-05
3584196a0202,A,binary,improved,random_70_30,as_attack,xgboost,73,1469977,629991,85,,20.9,0.9999551183951998,0.9999666657206914,0.9999410274901277,0.9999102383341972,0.9999666661904694,0.9998904801479163,0.9999742284646608,8.425167660863764e-06
98a4c40dbb9e,A,binary,improved,random_70_30,as_benign,logreg,11,1469977,629991,85,,75.0,0.9890080572958142,0.9919576569594054,0.9898594523392092,0.9780216513845333,0.9919506786604888,0.9858272494047973,0.9808270232674112,0.006108344726378778
ddfc94822ae8,A,binary,improved,random_70_30,as_benign,logreg,23,1469977,629991,85,,75.7,0.9898200227748382,0.9925496764058875,0.9909442364240643,0.9796496666554718,0.9925411632864597,0.9878651181502219,0.9812706357109167,0.0059766453020934085
e96315984b6f,A,binary,improved,random_70_30,as_benign,logreg,37,1469977,629991,85,,79.8,0.9895053136687135,0.9923227485944917,0.9901954974097924,0.9790142632234503,0.9923173505653256,0.9861042412731074,0.9820498505796197,0.005713246453522669
c30174ffae7f,A,binary,improved,random_70_30,as_benign,logreg,51,1469977,629991,85,,77.7,0.9894574852926228,0.9922862155096364,0.9903438380362766,0.9789209630052688,0.9922792547830048,0.9866120596983426,0.981408225253062,0.00592438362578962
dff874705a27,A,binary,improved,random_70_30,as_benign,logreg,73,1469977,629991,85,,62.6,0.989523794546543,0.9923310761585673,0.9908777790689899,0.9790615432871794,0.9923205252138523,0.988095944707147,0.9801579253812387,0.0063403865691672445
c65a73c9c146,A,binary,improved,random_70_30,as_benign,random_forest,11,1469977,629991,85,,129.2,0.9999239974944091,0.9999444420864629,0.999895848165116,0.9998480008825157,0.9999444436507823,0.9998021486654928,0.9999670193398591,1.0452335260757728e-05
842dbb63fc1d,A,binary,improved,random_70_30,as_benign,random_forest,23,1469977,629991,85,,128.5,0.9999478866960365,0.9999619041318756,0.9999456346420699,0.9998957734297901,0.9999619042176793,0.9999142644217135,0.9999274535537866,2.2995137573644797e-05
267b865546c8,A,binary,improved,random_70_30,as_benign,random_forest,37,1469977,629991,85,,130.9,0.9999392003237291,0.9999555545201961,0.9999301922643871,0.9998784012509384,0.9999555549206258,0.9998812891992956,0.9999340460754117,2.0904670521515456e-05
c96f26d29915,A,binary,improved,random_70_30,as_benign,random_forest,51,1469977,629991,85,,127.8,0.999943542394756,0.9999587289184337,0.9999277781540078,0.9998870866377301,0.9999587295691525,0.9998680991103285,0.9999604260792138,1.2542802312887069e-05
db3dacb4f4d3,A,binary,improved,random_70_30,as_benign,random_forest,73,1469977,629991,85,,126.5,0.999939199228142,0.9999555541197326,0.9999211831095243,0.9998784008702915,0.9999555549206258,0.9998549090213613,0.9999604255571751,1.2542802312887069e-05
10da3f1092f0,A,binary,improved,random_70_30,as_benign,xgboost,11,1469977,629991,85,,18.8,0.9999630856613986,0.9999730151532303,0.9999506989880367,0.9999261724638017,0.9999730154875228,0.99990766937723,0.999980213431123,6.271401156499046e-06
0f8bc8d59e9b,A,binary,improved,random_70_30,as_benign,xgboost,23,1469977,629991,85,,18.7,0.9999739433480183,0.9999809520659377,0.9999716911766772,0.9999478867337548,0.9999809521088396,0.999953834688615,0.9999670243426303,1.0452335260757728e-05
850f0f5cc8bd,A,binary,improved,random_70_30,as_benign,xgboost,37,1469977,629991,85,,19.8,0.9999630868253894,0.9999730155786866,0.9999664650090467,0.9999261737356416,0.9999730154875228,0.999953834688615,0.9999340508599768,2.0904670521515456e-05
7325f1e121c1,A,binary,improved,random_70_30,as_benign,xgboost,51,1469977,629991,85,,20.4,0.9999696001618645,0.9999777772600981,0.999960591554762,0.9999392009272325,0.9999777774603129,0.9999274545106807,0.9999802138226235,6.271401156499046e-06
db56bb2aba65,A,binary,improved,random_70_30,as_benign,xgboost,73,1469977,629991,85,,21.2,0.9999544011671391,0.999966666228008,0.9999555272087953,0.9999088023437073,0.9999666661904694,0.9999340495551643,0.9999274549891183,2.2995137573644797e-05
44a2d0319e3f,A,binary,improved,random_70_30,dropped,logreg,11,1461592,626397,85,,73.4,0.9926011407067497,0.9945703348375965,0.9925646565182448,0.9852022916249251,0.9945705359380712,0.9886763086217016,0.9888915274809362,0.0035469955852120982
a0b98969d838,A,binary,improved,random_70_30,dropped,logreg,23,1461592,626397,85,,69.0,0.9918516680620584,0.9940223328412072,0.9914862801898054,0.9837043638525165,0.994024556311732,0.9865658943869576,0.9887242395801663,0.003593334007346738
a6135c404b02,A,binary,improved,random_70_30,dropped,logreg,37,1461592,626397,85,,76.3,0.9917637848096201,0.9939589531914957,0.9912207698690405,0.9835298416684471,0.9939622954771494,0.9859063899386001,0.9891158353017461,0.0034648502005190096
dcaeb82cd870,A,binary,improved,random_70_30,dropped,logreg,51,1461592,626397,85,,74.8,0.992521177380367,0.9945122572180829,0.9923763700527308,0.9850425157316315,0.9945130643984565,0.9882344406413022,0.9890889648708234,0.003481700535840626
756621727fd1,A,binary,improved,random_70_30,dropped,logreg,73,1461592,626397,85,,69.2,0.9917375298218714,0.9939373482771949,0.9915752947665667,0.9834752621485138,0.99393834900231,0.98699457227839,0.9879523639772382,0.0038439827452566577
492f3fc56ed8,A,binary,improved,random_70_30,dropped,random_forest,11,1461592,626397,85,,127.4,0.9999369131872013,0.9999537027026136,0.9999200824889773,0.9998738285038111,0.9999537034819771,0.9998549090213613,0.999953830121229,1.4744043406511587e-05
dbe347288624,A,binary,improved,random_70_30,dropped,random_forest,23,1461592,626397,85,,125.0,0.999949966305043,0.9999632817010552,0.9999398676224281,0.999899933376665,0.9999632820719129,0.9998944792882628,0.9999538319482918,1.4744043406511587e-05
7dd800e9b34b,A,binary,improved,random_70_30,dropped,random_forest,37,1461592,626397,85,,121.1,0.9999390898249688,0.999955299612652,0.999932357516356,0.9998781799906301,0.9999552999136331,0.9998878842437793,0.9999274516399227,2.3169211067264328e-05
3456008de44e,A,binary,improved,random_70_30,dropped,random_forest,51,1461592,626397,85,,127.1,0.99994344004397,0.9999584923111309,0.999932219431987,0.9998868810343305,0.9999584927769449,0.9998812891992956,0.999947236164333,1.6850335321727528e-05
890348f75885,A,binary,improved,random_70_30,dropped,random_forest,73,1461592,626397,85,,128.6,0.9999477905754501,0.9999616851242729,0.9999343257239022,0.999895582513722,0.9999616856402569,0.9998812891992956,0.9999604266012386,1.2637751491295646e-05
0769e0f20a06,A,binary,improved,random_70_30,dropped,xgboost,11,1461592,626397,85,,18.3,0.9999760711637866,0.9999824391926642,0.9999727047604771,0.9999521424127492,0.9999824392517844,0.999953834688615,0.9999736193001201,8.425167660863764e-06
bb7123651565,A,binary,improved,random_70_30,dropped,xgboost,23,1461592,626397,85,,18.2,0.9999651946544048,0.9999744570935046,0.9999651946544048,0.9999303893088097,0.9999744570935046,0.9999472396441313,0.9999472396441313,1.6850335321727528e-05
a8b09424aa40,A,binary,improved,random_70_30,dropped,xgboost,37,1461592,626397,85,,18.6,0.9999738958736284,0.9999808427771321,0.9999716516145194,0.9999477917851123,0.9999808428201284,0.999953834688615,0.9999670243426303,1.0531459576079705e-05
a7ffd576de84,A,binary,improved,random_70_30,dropped,xgboost,51,1461592,626397,85,,18.4,0.9999804217733965,0.9999856320344769,0.9999748110523923,0.9999608437833963,0.9999856321150964,0.999953834688615,0.9999868094760724,4.212583830431882e-06
2757ccc2015a,A,binary,improved,random_70_30,dropped,xgboost,73,1461592,626397,85,,18.6,0.9999804219491621,0.9999856320989728,0.9999792998049606,0.9999608439077882,0.9999856321150964,0.9999670247775821,0.9999736196480861,8.425167660863764e-06
e5cca5d10251,A,binary,improved,day_ordered,as_attack,logreg,11,1190337,909631,85,,36.8,0.6448074000642268,0.694709410901009,0.6484974691280149,0.45757195490366365,0.742406536276798,0.2981133435661141,0.993543026468586,0.001118405310084336
9ee4c1a165c0,A,binary,improved,day_ordered,as_attack,logreg,23,1190337,909631,85,,36.7,0.6448074000642268,0.694709410901009,0.6484974691280149,0.45757195490366365,0.742406536276798,0.2981133435661141,0.993543026468586,0.001118405310084336
a66188409876,A,binary,improved,day_ordered,as_attack,logreg,37,1190337,909631,85,,36.6,0.6448074000642268,0.694709410901009,0.6484974691280149,0.45757195490366365,0.742406536276798,0.2981133435661141,0.993543026468586,0.001118405310084336
b30433288102,A,binary,improved,day_ordered,as_attack,logreg,51,1190337,909631,85,,36.9,0.6448074000642268,0.694709410901009,0.6484974691280149,0.45757195490366365,0.742406536276798,0.2981133435661141,0.993543026468586,0.001118405310084336
5239785d7f18,A,binary,improved,day_ordered,as_attack,logreg,73,1190337,909631,85,,36.4,0.6448074000642268,0.694709410901009,0.6484974691280149,0.45757195490366365,0.742406536276798,0.2981133435661141,0.993543026468586,0.001118405310084336
36e33e57d897,A,binary,improved,day_ordered,as_attack,random_forest,11,1190337,909631,85,,81.1,0.6362057291843934,0.6878550564706226,0.6424636075558301,0.4490686238819953,0.7382872835248578,0.2849358849202654,0.9999472935223739,8.669808605255014e-06
833ec9a624d5,A,binary,improved,day_ordered,as_attack,random_forest,23,1190337,909631,85,,82.2,0.6357103428087925,0.687454796654859,0.6421119365227068,0.448442931394037,0.7380289370085232,0.284236010777461,0.9999260308134497,1.2137732047445837e-05
9b8bd7fb5031,A,binary,improved,day_ordered,as_attack,random_forest,37,1190337,909631,85,,81.9,0.6336338230750537,0.6857791267171327,0.6406433340342016,0.44585876667161994,0.736954875108698,0.2812953378770084,0.9999466114272901,8.669808605255014e-06
8d48d131bdb2,A,binary,improved,day_ordered,as_attack,random_forest,51,1190337,909631,85,,83.5,0.6358998406974828,0.6876079372337668,0.642246470453588,0.44868313047590225,0.738127878227545,0.2845033446775022,0.9999366567428897,1.0403770326350426e-05
114a07395bb9,A,binary,improved,day_ordered,as_attack,random_forest,73,1190337,909631,85,,83.6,0.6358440651120764,0.6875624432026067,0.6422063226149332,0.4486025377704909,0.7380970965149605,0.2844282508853558,0.9999049630411827,1.5605655489525638e-05
fadfecc24f76,A,binary,improved,day_ordered,as_attack,xgboost,11,1190337,909631,85,,14.6,0.6325509342906607,0.6849045000549694,0.6398781829725169,0.44448544536403434,0.7363920095071518,0.27977543952396544,0.999881914699473,1.907357893171646e-05
30714c27439c,A,binary,improved,day_ordered,as_attack,xgboost,23,1190337,909631,85,,12.3,0.6325509342906607,0.6849045000549694,0.6398781829725169,0.44448544536403434,0.7363920095071518,0.27977543952396544,0.999881914699473,1.907357893171646e-05
a3a5dbbcecbb,A,binary,improved,day_ordered,as_attack,xgboost,37,1190337,909631,85,,14.1,0.6325509342906607,0.6849045000549694,0.6398781829725169,0.44448544536403434,0.7363920095071518,0.27977543952396544,0.999881914699473,1.907357893171646e-05
e46b77f25231,A,binary,improved,day_ordered,as_attack,xgboost,51,1190337,909631,85,,14.4,0.6325509342906607,0.6849045000549694,0.6398781829725169,0.44448544536403434,0.7363920095071518,0.27977543952396544,0.999881914699473,1.907357893171646e-05
ac462c876474,A,binary,improved,day_ordered,as_attack,xgboost,73,1190337,909631,85,,20.8,0.6325509342906607,0.6849045000549694,0.6398781829725169,0.44448544536403434,0.7363920095071518,0.27977543952396544,0.999881914699473,1.907357893171646e-05
0b0e1474a003,A,binary,improved,day_ordered,as_benign,logreg,11,1190337,909631,85,,23.8,0.6478979740902959,0.700633504662825,0.6493019216741021,0.46096567142264794,0.7476779045569028,0.29964540634474823,0.9938405025013446,0.0010415629965441209
b339777e0762,A,binary,improved,day_ordered,as_benign,logreg,23,1190337,909631,85,,23.6,0.6478979740902959,0.700633504662825,0.6493019216741021,0.46096567142264794,0.7476779045569028,0.29964540634474823,0.9938405025013446,0.0010415629965441209
b7149b2e1ad7,A,binary,improved,day_ordered,as_benign,logreg,37,1190337,909631,85,,23.7,0.6478979740902959,0.700633504662825,0.6493019216741021,0.46096567142264794,0.7476779045569028,0.29964540634474823,0.9938405025013446,0.0010415629965441209
f40063eb0465,A,binary,improved,day_ordered,as_benign,logreg,51,1190337,909631,85,,23.8,0.6478979740902959,0.700633504662825,0.6493019216741021,0.46096567142264794,0.7476779045569028,0.29964540634474823,0.9938405025013446,0.0010415629965441209
b49c26be56c6,A,binary,improved,day_ordered,as_benign,logreg,73,1190337,909631,85,,23.6,0.6478979740902959,0.700633504662825,0.6493019216741021,0.46096567142264794,0.7476779045569028,0.29964540634474823,0.9938405025013446,0.0010415629965441209
303b447ca8eb,A,binary,improved,day_ordered,as_benign,random_forest,11,1190337,909631,85,,82.2,0.6416192250459631,0.6957204682875279,0.644881644041817,0.4552138846815375,0.7447943176958569,0.28976328808363394,1.0,0.0
f44e0ccbbd1c,A,binary,improved,day_ordered,as_benign,random_forest,23,1190337,909631,85,,79.2,0.6347657198294017,0.6902613714473996,0.6400070354970568,0.4466146964822338,0.7412906991956079,0.2800157869133831,0.9999890740234908,1.7159192694515824e-06
937c57e6bf98,A,binary,improved,day_ordered,as_benign,random_forest,37,1190337,909631,85,,81.6,0.6401778507550974,0.6945714734708103,0.6438512712850104,0.4534016280402506,0.7440533579000715,0.28770425848929027,0.9999893660009783,1.7159192694515824e-06
5cda93607563,A,binary,improved,day_ordered,as_benign,random_forest,51,1190337,909631,85,,82.5,0.6313681853377401,0.6875585153616125,0.6376129929152234,0.44235683256374514,0.739570221331507,0.2752277017497162,0.9999888839484216,1.7159192694515824e-06
43ef2538364e,A,binary,improved,day_ordered,as_benign,random_forest,73,1190337,909631,85,,80.8,0.6411435439898374,0.6953411260216201,0.6445411838756857,0.4546133171931812,0.7445491633420585,0.2890840836706409,0.9999894167575062,1.7159192694515824e-06
8bb93ba0244a,A,binary,improved,day_ordered,as_benign,xgboost,11,1190337,909631,85,,11.5,0.5113662442345288,0.5933380561292303,0.5618004384844519,0.2878528800434396,0.6850865900568472,0.123606024726712,0.9999257499257499,5.147757808243725e-06
7f57de7e5efd,A,binary,improved,day_ordered,as_benign,xgboost,23,1190337,909631,85,,11.5,0.5113662442345288,0.5933380561292303,0.5618004384844519,0.2878528800434396,0.6850865900568472,0.123606024726712,0.9999257499257499,5.147757808243725e-06
6bd1ebe1eb4e,A,binary,improved,day_ordered,as_benign,xgboost,37,1190337,909631,85,,11.2,0.5113662442345288,0.5933380561292303,0.5618004384844519,0.2878528800434396,0.6850865900568472,0.123606024726712,0.9999257499257499,5.147757808243725e-06
412684c58acb,A,binary,improved,day_ordered,as_benign,xgboost,51,1190337,909631,85,,13.4,0.5113662442345288,0.5933380561292303,0.5618004384844519,0.2878528800434396,0.6850865900568472,0.123606024726712,0.9999257499257499,5.147757808243725e-06
ca43aa959c92,A,binary,improved,day_ordered,as_benign,xgboost,73,1190337,909631,85,,13.4,0.5113662442345288,0.5933380561292303,0.5618004384844519,0.2878528800434396,0.6850865900568472,0.123606024726712,0.9999257499257499,5.147757808243725e-06
d93d1655ab8a,A,binary,improved,day_ordered,dropped,logreg,11,1184422,903567,85,,23.8,0.6471526793888617,0.6987985852386804,0.6492905387562977,0.46045707584065687,0.7460099804441729,0.2995260866505738,0.9944639700952806,0.0009450091379782366
22651dbb4035,A,binary,improved,day_ordered,dropped,logreg,23,1184422,903567,85,,23.6,0.6471526793888617,0.6987985852386804,0.6492905387562977,0.46045707584065687,0.7460099804441729,0.2995260866505738,0.9944639700952806,0.0009450091379782366
3588ab629f4d,A,binary,improved,day_ordered,dropped,logreg,37,1184422,903567,85,,23.9,0.6471526793888617,0.6987985852386804,0.6492905387562977,0.46045707584065687,0.7460099804441729,0.2995260866505738,0.9944639700952806,0.0009450091379782366
29ac98a7a5f3,A,binary,improved,day_ordered,dropped,logreg,51,1184422,903567,85,,23.7,0.6471526793888617,0.6987985852386804,0.6492905387562977,0.46045707584065687,0.7460099804441729,0.2995260866505738,0.9944639700952806,0.0009450091379782366
1b2e5dd9b9d2,A,binary,improved,day_ordered,dropped,logreg,73,1184422,903567,85,,23.7,0.6471526793888617,0.6987985852386804,0.6492905387562977,0.46045707584065687,0.7460099804441729,0.2995260866505738,0.9944639700952806,0.0009450091379782366
7594d3f1980c,A,binary,improved,day_ordered,dropped,random_forest,11,1184422,903567,85,,82.2,0.6384900629207172,0.6919407149486319,0.6431672644097328,0.45151369950524495,0.7418398414284718,0.2863397307046287,0.9999679466632476,5.201885163175213e-06
cfca4d80a05a,A,binary,improved,day_ordered,dropped,random_forest,23,1184422,903567,85,,79.0,0.6408345568221139,0.693818864635827,0.6448403410707566,0.45446128472839753,0.7430517050755505,0.28968068214151316,1.0,0.0
3c685bc59598,A,binary,improved,day_ordered,dropped,random_forest,37,1184422,903567,85,,80.7,0.6388872223693833,0.6922590391249115,0.6434504704705319,0.4520184196395843,0.7420456922397565,0.28690267490278504,0.9999893362907354,1.7339617210954117e-06
1fdf7152cdc6,A,binary,improved,day_ordered,dropped,random_forest,51,1184422,903567,85,,79.4,0.6400927292265641,0.6932244722435618,0.6443101841644555,0.4535283187700625,0.7426676715727777,0.2886221022906322,0.9999893998176769,1.7339617210954117e-06
188cbd030897,A,binary,improved,day_ordered,dropped,random_forest,73,1184422,903567,85,,81.0,0.6400970145899465,0.6932279046858338,0.6443132436437934,0.4535336868390802,0.7426698850223614,0.2886282212493078,0.9999894000423998,1.7339617210954117e-06
94b8226ba67e,A,binary,improved,day_ordered,dropped,xgboost,11,1184422,903567,85,,10.9,0.5975614327736825,0.659323937532393,0.6150823653842356,0.40028317327360935,0.7215192675252637,0.23017686850051858,0.9999069656171502,1.2137732047445837e-05
8561a0140b76,A,binary,improved,day_ordered,dropped,xgboost,23,1184422,903567,85,,10.6,0.5975614327736825,0.659323937532393,0.6150823653842356,0.40028317327360935,0.7215192675252637,0.23017686850051858,0.9999069656171502,1.2137732047445837e-05
53c2bd412918,A,binary,improved,day_ordered,dropped,xgboost,37,1184422,903567,85,,10.9,0.5975614327736825,0.659323937532393,0.6150823653842356,0.40028317327360935,0.7215192675252637,0.23017686850051858,0.9999069656171502,1.2137732047445837e-05
0ebb35415776,A,binary,improved,day_ordered,dropped,xgboost,51,1184422,903567,85,,10.6,0.5975614327736825,0.659323937532393,0.6150823653842356,0.40028317327360935,0.7215192675252637,0.23017686850051858,0.9999069656171502,1.2137732047445837e-05
4ae4dc932114,A,binary,improved,day_ordered,dropped,xgboost,73,1184422,903567,85,,10.8,0.5975614327736825,0.659323937532393,0.6150823653842356,0.40028317327360935,0.7215192675252637,0.23017686850051858,0.9999069656171502,1.2137732047445837e-05
dfa557449b6f,B,binary,label_original,random_70_30,n/a,logreg,11,1123493,481497,72,,,0.9656140217491438,0.9794685621373479,0.9821695001623931,0.9325863141672404,0.9791192883860128,0.9869138875641219,0.9047806938031203,0.02257488723933576
05925ebc6ce9,B,binary,label_original,random_70_30,n/a,logreg,23,1123493,481497,72,,,0.9643540853754428,0.978703895041323,0.9814160146018571,0.9301527154875462,0.978330083053477,0.9862159615675418,0.901640913296396,0.02338393236382763
632bdaf768be,B,binary,label_original,random_70_30,n/a,logreg,37,1123493,481497,72,,,0.9647431379088665,0.9789385881600725,0.9817174192074637,0.9309150466843286,0.9785709983655142,0.9866114529656039,0.9024631590147364,0.023176614550676544
30292fa5f396,B,binary,label_original,random_70_30,n/a,logreg,51,1123493,481497,72,,,0.9647991718018701,0.9789748342308058,0.9816503993953074,0.9310069521392671,0.978610458632141,0.9863788109667438,0.9028171113429722,0.023078012176129148
4ef0c05e7dd5,B,binary,label_original,random_70_30,n/a,logreg,73,1123493,481497,72,,,0.9650244261624867,0.9791105443229858,0.9818306865630317,0.9314493705411785,0.9787496079934039,0.9866230850655469,0.9032811152170903,0.022961711939483376
3d04e7ef8a99,B,binary,label_original,random_70_30,n/a,random_forest,11,1123493,481497,72,,,0.9998583976295499,0.9999169261326111,0.9998629482573941,0.9997167953593359,0.9999169257544699,0.999778990101083,0.9997557315839062,5.309358629479455e-05
0795acf1c056,B,binary,label_original,random_70_30,n/a,random_forest,23,1123493,481497,72,,,0.9998513148038414,0.9999127716451328,0.9998467642404867,0.9997026297079216,0.9999127720421934,0.999744093801254,0.999767352588784,5.056532028069327e-05
9955b7afa4b3,B,binary,label_original,random_70_30,n/a,random_forest,37,1123493,481497,72,,,0.9999044188350162,0.9999439252671322,0.9999112454052368,0.9998088378955763,0.9999439248842672,0.999860414800684,0.9998255245894012,3.792399021051995e-05
4f90968c8ee6,B,binary,label_original,random_70_30,n/a,random_forest,51,1123493,481497,72,,,0.999865472849234,0.9999210783889769,0.9998518207725147,0.9997309466006676,0.9999210794667465,0.999744093801254,0.9998138734106534,4.045225622462123e-05
688fc10e3b82,B,binary,label_original,random_70_30,n/a,random_forest,73,1123493,481497,72,,,0.9999221186962525,0.9999543093729362,0.9999266699042008,0.99984423749275,0.9999543091649584,0.99988367900057,0.9998604180479465,3.0339192168438167e-05
253d282dac14,B,binary,label_original,random_70_30,n/a,xgboost,11,1123493,481497,72,,,0.9999221172782027,0.9999543089569743,0.9999175660702718,0.9998442346566541,0.9999543091649584,0.999860414800684,0.999883676294392,2.5282660140346636e-05
10202ac44a3f,B,binary,label_original,random_70_30,n/a,xgboost,23,1123493,481497,72,,,0.9999150378042578,0.999950155452682,0.9999150378042578,0.9998300756085156,0.999950155452682,0.999860414800684,0.999860414800684,3.0339192168438167e-05
9e2f793a9315,B,binary,label_original,random_70_30,n/a,xgboost,37,1123493,481497,72,,,0.9999398181707395,0.9999646933652929,0.9999375424862004,0.9998796363665415,0.9999646934456498,0.999895311100513,0.9999069421179974,2.0226128112255104e-05
86666eddbf3b,B,binary,label_original,random_70_30,n/a,xgboost,51,1123493,481497,72,,,0.9999221151509967,0.9999543083329832,0.9999039103193783,0.9998442319060613,0.9999543091649584,0.999825518500855,0.9999185677225718,1.769786209826485e-05
b4620931ace4,B,binary,label_original,random_70_30,n/a,xgboost,73,1123493,481497,72,,,0.9999221179872362,0.9999543091649584,0.9999221179872362,0.9998442359744726,0.9999543091649584,0.9998720469006269,0.9998720469006269,2.7810926154447912e-05
6d96fa104baa,B,binary,label_original,day_ordered,n/a,logreg,11,891643,713347,72,,,0.5610053149055643,0.714881994876036,0.5702276661471283,0.31130501194211346,0.780844385691676,0.14501899957778716,0.9147102109468077,0.004563667283530526
24b44794f6d1,B,binary,label_original,day_ordered,n/a,logreg,23,891643,713347,72,,,0.5610053149055643,0.714881994876036,0.5702276661471283,0.31130501194211346,0.780844385691676,0.14501899957778716,0.9147102109468077,0.004563667283530526
50a7f9f00248,B,binary,label_original,day_ordered,n/a,logreg,37,891643,713347,72,,,0.5610053149055643,0.714881994876036,0.5702276661471283,0.31130501194211346,0.780844385691676,0.14501899957778716,0.9147102109468077,0.004563667283530526
9cd2aa3fb3ad,B,binary,label_original,day_ordered,n/a,logreg,51,891643,713347,72,,,0.5610053149055643,0.714881994876036,0.5702276661471283,0.31130501194211346,0.780844385691676,0.14501899957778716,0.9147102109468077,0.004563667283530526
1d3b7e29ef34,B,binary,label_original,day_ordered,n/a,logreg,73,891643,713347,72,,,0.5610053149055643,0.714881994876036,0.5702276661471283,0.31130501194211346,0.780844385691676,0.14501899957778716,0.9147102109468077,0.004563667283530526
c947c7590554,B,binary,label_original,day_ordered,n/a,random_forest,11,891643,713347,72,,,0.4340244822277736,0.6431629157475293,0.5028671928103714,0.061343294214703206,0.7490085470325101,0.005938756916512966,0.9074702886247877,0.00020437129577022262
9e55fa771312,B,binary,label_original,day_ordered,n/a,random_forest,23,891643,713347,72,,,0.4340568663041999,0.6432041608761365,0.5029205946088606,0.06393839040549312,0.7490856483590735,0.005944312348614475,0.9511111111111111,0.00010312313089322345
dc386c03be36,B,binary,label_original,day_ordered,n/a,random_forest,37,891643,713347,72,,,0.4340593249175903,0.6432076757522488,0.5029252820239012,0.0641835726731481,0.7490926575705793,0.005944312348614475,0.9553571428571429,9.374830081210206e-05
6b51c589004f,B,binary,label_original,day_ordered,n/a,random_forest,51,891643,713347,72,,,0.43399244727155023,0.6431120629192121,0.5027977843347968,0.05797303530916603,0.7489020070176226,0.005944312348614475,0.8519108280254777,0.00034874367902082426
7d2413da3fc3,B,binary,label_original,day_ordered,n/a,random_forest,73,891643,713347,72,,,0.4340514573215574,0.6431964280676761,0.5029102822957713,0.0634039020743568,0.7490702280937608,0.005944312348614475,0.9419014084507042,0.00012374775707191255
b42c90851a1b,B,binary,label_original,day_ordered,n/a,xgboost,11,891643,713347,72,,,0.45719655362174116,0.6562784242366372,0.5141901359565074,0.1457187373417911,0.7548009594208709,0.028427146063420814,0.9951380785686503,4.687415040605103e-05
8f0eb45656c6,B,binary,label_original,day_ordered,n/a,xgboost,23,891643,713347,72,,,0.45719655362174116,0.6562784242366372,0.5141901359565074,0.1457187373417911,0.7548009594208709,0.028427146063420814,0.9951380785686503,4.687415040605103e-05
7c45fbf8abfb,B,binary,label_original,day_ordered,n/a,xgboost,37,891643,713347,72,,,0.45719655362174116,0.6562784242366372,0.5141901359565074,0.1457187373417911,0.7548009594208709,0.028427146063420814,0.9951380785686503,4.687415040605103e-05
a49e01520ac3,B,binary,label_original,day_ordered,n/a,xgboost,51,891643,713347,72,,,0.45719655362174116,0.6562784242366372,0.5141901359565074,0.1457187373417911,0.7548009594208709,0.028427146063420814,0.9951380785686503,4.687415040605103e-05
5813d83cea7d,B,binary,label_original,day_ordered,n/a,xgboost,73,891643,713347,72,,,0.45719655362174116,0.6562784242366372,0.5141901359565074,0.1457187373417911,0.7548009594208709,0.028427146063420814,0.9951380785686503,4.687415040605103e-05
09217ab676d3,B,binary,label_improved,random_70_30,n/a,logreg,11,1123493,481497,72,,,0.9906604318671483,0.9936032413194261,0.9916127922440097,0.9813267332016453,0.9935970525257686,0.9880815800202907,0.9827794333999774,0.00485599553227134
6664a8a86138,B,binary,label_improved,random_70_30,n/a,logreg,23,1123493,481497,72,,,0.9910500770471006,0.9938694654157771,0.9921070495650173,0.9821073730792642,0.9938628901114649,0.9889823357069035,0.9831005296989576,0.004768236576868867
d86d6d350f37,B,binary,label_improved,random_70_30,n/a,logreg,37,1123493,481497,72,,,0.9913196642715851,0.9940541176354007,0.9923788924084309,0.9826465729749839,0.9940477303077693,0.9894090094531939,0.9835153959980772,0.004651224636332163
f7ab942c91b3,B,binary,label_improved,random_70_30,n/a,logreg,51,1123493,481497,72,,,0.990824890956232,0.9937156024622668,0.9918278146314665,0.9816562868137845,0.9937092027572342,0.9884796996188345,0.9828972799698298,0.004824070355901489
d601e2a1f3e3,B,binary,label_improved,random_70_30,n/a,logreg,73,1123493,481497,72,,,0.9911191216149013,0.9939159512254129,0.99231363829022,0.9822474562473186,0.9939085809465065,0.9894752811332562,0.9828308799291762,0.0048480045528160876
3b4ff03a3382,B,binary,label_improved,random_70_30,n/a,random_forest,11,1123493,481497,72,,,0.9998816232203427,0.9999190019198505,0.9998730973937071,0.9997632469012664,0.9999190026106082,0.9997914039462581,0.9998388044983028,4.5209158843761976e-05
a934b33ecf2d,B,binary,label_improved,random_70_30,n/a,random_forest,23,1123493,481497,72,,,0.9998664444321456,0.9999086167712287,0.999849393296691,0.9997328907066421,0.999908618329917,0.9997439957522258,0.9998387968555904,4.5209158843761976e-05
dd0742053343,B,binary,label_improved,random_70_30,n/a,random_forest,37,1123493,481497,72,,,0.9998846620633549,0.9999210800051489,0.9998914827661535,0.9997693244214648,0.9999210794667465,0.9998388121402904,0.999800893136502,5.58466079834119e-05
c57223acc649,B,binary,label_improved,random_70_30,n/a,random_forest,51,1123493,481497,72,,,0.9998998329824007,0.9999314626953156,0.9998844857172814,0.9997996674571813,0.9999314637474377,0.9998008836971156,0.9998862095451226,3.1912262552835635e-05
96a85751a41f,B,binary,label_improved,random_70_30,n/a,random_forest,73,1123493,481497,72,,,0.9999028680152133,0.9999335394699682,0.9998858153948877,0.9998057378728907,0.999933540603576,0.9998008836971156,0.999895691093916,2.9252907340127088e-05
f15a1ea63631,B,binary,label_improved,random_70_30,n/a,xgboost,11,1123493,481497,72,,,0.9999332267716825,0.9999543099441919,0.9999502801853013,0.9998664553856262,0.9999543091649584,0.9999431101671613,0.999848308161969,4.254979655882174e-05
362a4be3fd49,B,binary,label_improved,random_70_30,n/a,xgboost,23,1123493,481497,72,,,0.999911978042342,0.9999397712747143,0.9999136833112179,0.9998239561031073,0.9999397711719907,0.9998672570567096,0.9998577767664125,3.98904342738815e-05
c1d74accecbd,B,binary,label_improved,random_70_30,n/a,xgboost,37,1123493,481497,72,,,0.9999392974792642,0.9999584637272956,0.9999597618241076,0.9998785976113699,0.999958462877235,0.9999620734447742,0.9998483110382161,4.254979655882174e-05
863e642d2b02,B,binary,label_improved,random_70_30,n/a,xgboost,51,1123493,481497,72,,,0.9999301890055892,0.9999522323902919,0.9999318943608253,0.9998603780296024,0.9999522323088202,0.9998957009842034,0.9998862203343226,3.1912262552835635e-05
2363eb9b8613,B,binary,label_improved,random_70_30,n/a,xgboost,73,1123493,481497,72,,,0.9999392949945431,0.9999584630189238,0.9999427057671404,0.9998785900627823,0.999958462877235,0.999914664441621,0.9998957029620359,2.9252907340127088e-05
21eedcea1500,B,binary,label_improved,day_ordered,n/a,logreg,11,891643,713347,72,,,0.6222951769030971,0.6897345663506268,0.6276218852194754,0.42512576023659027,0.7441553689859213,0.25690335507350087,0.9877682572124833,0.0016595846345500709
830d788031cf,B,binary,label_improved,day_ordered,n/a,logreg,23,891643,713347,72,,,0.6222951769030971,0.6897345663506268,0.6276218852194754,0.42512576023659027,0.7441553689859213,0.25690335507350087,0.9877682572124833,0.0016595846345500709
b891e00be45d,B,binary,label_improved,day_ordered,n/a,logreg,37,891643,713347,72,,,0.6222951769030971,0.6897345663506268,0.6276218852194754,0.42512576023659027,0.7441553689859213,0.25690335507350087,0.9877682572124833,0.0016595846345500709
ca1a639f6436,B,binary,label_improved,day_ordered,n/a,logreg,51,891643,713347,72,,,0.6222951769030971,0.6897345663506268,0.6276218852194754,0.42512576023659027,0.7441553689859213,0.25690335507350087,0.9877682572124833,0.0016595846345500709
505eb280db34,B,binary,label_improved,day_ordered,n/a,logreg,73,891643,713347,72,,,0.6222951769030971,0.6897345663506268,0.6276218852194754,0.42512576023659027,0.7441553689859213,0.25690335507350087,0.9877682572124833,0.0016595846345500709
c47c480f0ca4,B,binary,label_improved,day_ordered,n/a,random_forest,11,891643,713347,72,,,0.4078845072015216,0.5295230609729518,0.5052658227968494,0.08285747890987127,0.6607695833864865,0.010574308437774734,0.9923254029163469,4.266284407583587e-05
65465b6ad041,B,binary,label_improved,day_ordered,n/a,random_forest,23,891643,713347,72,,,0.40837967768110583,0.5298870487378867,0.5054999657720323,0.08473105034438139,0.660930795251119,0.011040461245936497,0.9930121368150056,4.052970187207183e-05
8e905782ab50,B,binary,label_improved,day_ordered,n/a,random_forest,37,891643,713347,72,,,0.4027584456272431,0.5257598133564416,0.5028625222521697,0.060775163374328846,0.6591224186826328,0.005765574206211281,0.986703988803359,4.052970187207183e-05
ba17343c22a0,B,binary,label_improved,day_ordered,n/a,random_forest,51,891643,713347,72,,,0.4052657177806691,0.5276000208792436,0.5040350158209136,0.07237110721770904,0.6599256743211929,0.008112694485902967,0.9900199600798403,4.266284407583587e-05
50702b331d83,B,binary,label_improved,day_ordered,n/a,random_forest,73,891643,713347,72,,,0.40215008659203166,0.5253136282872348,0.5025793991726817,0.05765577009510894,0.6589289644450738,0.005197194905031588,0.9860356865787432,3.8396559668307795e-05
cd197743d75c,B,binary,label_improved,day_ordered,n/a,xgboost,11,891643,713347,72,,,0.4528828679107889,0.5626771922239253,0.5272880774321568,0.19087077118949577,0.675863219442992,0.05463801598822351,0.9978343663654693,6.186112390993426e-05
329c7dc618c0,B,binary,label_improved,day_ordered,n/a,xgboost,23,891643,713347,72,,,0.4528828679107889,0.5626771922239253,0.5272880774321568,0.19087077118949577,0.675863219442992,0.05463801598822351,0.9978343663654693,6.186112390993426e-05
df4006db51d6,B,binary,label_improved,day_ordered,n/a,xgboost,37,891643,713347,72,,,0.4528828679107889,0.5626771922239253,0.5272880774321568,0.19087077118949577,0.675863219442992,0.05463801598822351,0.9978343663654693,6.186112390993426e-05
a69e9881dbcb,B,binary,label_improved,day_ordered,n/a,xgboost,51,891643,713347,72,,,0.4528828679107889,0.5626771922239253,0.5272880774321568,0.19087077118949577,0.675863219442992,0.05463801598822351,0.9978343663654693,6.186112390993426e-05
84a5950c56eb,B,binary,label_improved,day_ordered,n/a,xgboost,73,891643,713347,72,,,0.4528828679107889,0.5626771922239253,0.5272880774321568,0.19087077118949577,0.675863219442992,0.05463801598822351,0.9978343663654693,6.186112390993426e-05
